{
  "Routes": [
    {
      "DownstreamPathTemplate": "/api/Product",
      "DownstreamScheme": "http",
      "DownstreamHostAndPorts": [
        {
          "Host": "localhost",
          "Port": 23070
        }
      ],
      "UpstreamPathTemplate": "/ProductSvc/"
    },
    {
      "DownstreamPathTemplate": "/api/Product/{everything}",
      "DownstreamScheme": "http",
      "DownstreamHostAndPorts": [
        {
          "Host": "localhost",
          "Port": 23070
        }
      ],
      "UpstreamPathTemplate": "/ProductSvc/{everything}"
    },
    {
      "DownstreamPathTemplate": "/api/ProductRating",
      "DownstreamScheme": "http",
      "DownstreamHostAndPorts": [
        {
          "Host": "localhost",
          "Port": 23070
        }
      ],
      "UpstreamPathTemplate": "/ProductRatingSvc/"
    },
    {
      "DownstreamPathTemplate": "/api/ProductRating/{everything}",
      "DownstreamScheme": "http",
      "DownstreamHostAndPorts": [
        {
          "Host": "localhost",
          "Port": 23070
        }
      ],
      "UpstreamPathTemplate": "/ProductRatingSvc/{everything}"
    },
    {
      "DownstreamPathTemplate": "/api/Vendor/",
      "DownstreamScheme": "http",
      "DownstreamHostAndPorts": [
        {
          "Host": "localhost",
          "Port": 1365
        }
      ],
      "UpstreamPathTemplate": "/VendorSvc/"
    },
    {
      "DownstreamPathTemplate": "/api/Vendor/{everything}",
      "DownstreamScheme": "http",
      "DownstreamHostAndPorts": [
        {
          "Host": "localhost",
          "Port": 1365
        }
      ],
      "UpstreamPathTemplate": "/VendorSvc/{everything}"
    },
    {
      "DownstreamPathTemplate": "/api/VendorStock",
      "DownstreamScheme": "http",
      "DownstreamHostAndPorts": [
        {
          "Host": "localhost",
          "Port": 1365
        }
      ],
      "UpstreamPathTemplate": "/VendorStockSvc/"
    },
    {
      "DownstreamPathTemplate": "/api/VendorStock/{everything}",
      "DownstreamScheme": "http",
      "DownstreamHostAndPorts": [
        {
          "Host": "localhost",
          "Port": 1365
        }
      ],
      "UpstreamPathTemplate": "/VendorStockSvc/{everything}"
    },
    {
      "DownstreamPathTemplate": "/api/Cart",
      "DownstreamScheme": "http",
      "DownstreamHostAndPorts": [
        {
          "Host": "localhost",
          "Port": 48060
        }
      ],
      "UpstreamPathTemplate": "/CartSvc/"
    },
    {
      "DownstreamPathTemplate": "/api/Cart/{everything}",
      "DownstreamScheme": "http",
      "DownstreamHostAndPorts": [
        {
          "Host": "localhost",
          "Port": 48060
        }
      ],
      "UpstreamPathTemplate": "/CartSvc/{everything}"
    },
    {
      "DownstreamPathTemplate": "/api/Wishlist",
      "DownstreamScheme": "http",
      "DownstreamHostAndPorts": [
        {
          "Host": "localhost",
          "Port": 48060
        }
      ],
      "UpstreamPathTemplate": "/WishlistSvc/"
    },
    {
      "DownstreamPathTemplate": "/api/Wishlist/{everything}",
      "DownstreamScheme": "http",
      "DownstreamHostAndPorts": [
        {
          "Host": "localhost",
          "Port": 48060
        }
      ],
      "UpstreamPathTemplate": "/WishlistSvc/{everything}"
    },
    
    {
      "DownstreamPathTemplate": "/api/Auth",
      "DownstreamScheme": "http",
      "DownstreamHostAndPorts": [
        {
          "Host": "localhost",
          "Port": 41479
        }
      ],
      "UpstreamPathTemplate": "/AuthSvc/"
    }
  ],
  "GlobalConfiguration": {
    "BaseUrl": "http://localhost:9000"
  }
}